protocol,nodes,faulty,blocks,throughput_tx_s,latency_s,block_time_s,messages,messages_per_block,MB_per_block,round_changes,by_type
PBFT,4,0,300,120.1,1.133,1.0,8100,27.0,10.549,0,commit=3600;new_block=900;pre_prepare=900;prepare=2700
GPBFT-2,4,0,301,120.3,0.971,0.996,13024,43.3,6.08,0,certificate:commit=1192;certificate:prepare=1203;group_aggregate:commit=3868;group_aggregate:prepare=2848;new_block=903;pre_prepare=903;vote:commit=1204;vote:prepare=903
GPBFT-1,4,0,301,119.9,1.144,0.995,5786,19.2,3.663,0,certificate:commit=602;certificate:prepare=602;group_aggregate:commit=977;group_aggregate:prepare=746;new_block=903;pre_prepare=906;vote:commit=602;vote:prepare=448
PBFT,8,0,299,120.1,1.202,1.003,35581,119.0,46.621,0,commit=16744;new_block=2093;pre_prepare=2093;prepare=14651
GPBFT-2,8,0,300,120.2,1.095,0.996,42460,141.5,18.276,0,certificate:commit=2983;certificate:prepare=3000;group_aggregate:commit=13276;group_aggregate:prepare=13364;new_block=2100;pre_prepare=2107;vote:commit=3000;vote:prepare=2630
GPBFT-1,8,0,290,120.0,1.215,1.032,16493,56.9,9.909,0,certificate:commit=1450;certificate:prepare=1455;group_aggregate:commit=3400;group_aggregate:prepare=3400;new_block=2030;pre_prepare=2037;vote:commit=1455;vote:prepare=1266
PBFT,16,0,297,120.0,1.308,1.007,147495,496.6,195.094,0,commit=71520;new_block=4455;pre_prepare=4470;prepare=67050
GPBFT-2,16,0,289,119.9,1.256,1.036,122507,423.9,51.589,0,certificate:commit=6912;certificate:prepare=6936;group_aggregate:commit=42468;group_aggregate:prepare=44058;new_block=4335;pre_prepare=4350;vote:commit=6936;vote:prepare=6512
GPBFT-1,16,0,240,119.7,1.733,1.249,37249,155.2,26.433,0,certificate:commit=2880;certificate:prepare=2880;group_aggregate:commit=9600;group_aggregate:prepare=9114;new_block=3600;pre_prepare=3600;vote:commit=2880;vote:prepare=2695
PBFT,32,0,295,120.1,1.198,1.017,594425,2015.0,796.714,0,commit=292640;new_block=9145;pre_prepare=9145;prepare=283495
GPBFT-2,32,0,282,120.0,1.486,1.061,338040,1198.7,139.469,0,certificate:commit=14670;certificate:prepare=14716;group_aggregate:commit=125540;group_aggregate:prepare=136630;new_block=8742;pre_prepare=8773;vote:commit=14716;vote:prepare=14253
GPBFT-1,32,0,226,119.9,1.836,1.326,93007,411.5,65.145,0,certificate:commit=5876;certificate:prepare=5876;group_aggregate:commit=28255;group_aggregate:prepare=27375;new_block=7006;pre_prepare=7037;vote:commit=5876;vote:prepare=5706
PBFT,64,0,297,120.1,1.264,1.009,2413719,8127.0,3195.85,0,commit=1197504;new_block=18711;pre_prepare=18711;prepare=1178793
GPBFT-2,64,0,284,120.0,1.42,1.053,838344,2951.9,335.394,0,certificate:commit=31808;certificate:prepare=31822;group_aggregate:commit=317618;group_aggregate:prepare=358022;new_block=17892;pre_prepare=17955;vote:commit=31810;vote:prepare=31417
GPBFT-1,64,0,229,119.6,1.783,1.303,222338,970.9,145.091,0,certificate:commit=12873;certificate:prepare=12880;group_aggregate:commit=70700;group_aggregate:prepare=71414;new_block=14427;pre_prepare=14490;vote:commit=12880;vote:prepare=12674
PBFT,16,3,112,119.9,7.014,1.962,72345,630.0,411.387,1785,commit=34110;new_block=2295;pre_prepare=2295;prepare=31860;round_change=1785
GPBFT-2,16,3,138,115.9,6.964,1.893,60079,420.6,60.409,2040,certificate:commit=3360;certificate:prepare=3375;group_aggregate:commit=20556;group_aggregate:prepare=19506;new_block=2340;pre_prepare=2370;round_change=2040;vote:commit=3367;vote:prepare=3165
GPBFT-1,16,3,58,106.2,32.764,3.384,14759,208.9,59.693,2640,certificate:commit=936;certificate:prepare=939;group_aggregate:commit=3174;group_aggregate:prepare=2688;new_block=1185;pre_prepare=1410;round_change=2640;vote:commit=860;vote:prepare=927
